id,title,company,location,salary_min,salary_max
1993882092,Data Analyst,SveltetechTechnologies Pvt Ltd,"Delhi, India",0.0,300000.0
4514376622,Data Analyst,Qrata,"Delhi, India",1000000.0,1200000.0
4514376189,Data Analyst,Qrata,"Delhi, India",800000.0,1300000.0
4966721625,Data Analyst,Fatakpay,India,800000.0,1500000.0
1171509680,Data Analyst,Malaysian Global Innovation and Creativity Centre,India,500000.0,1000000.0
1712428599,Data Analyst,Namaste Credit,"Bangalore, Karnataka",500000.0,1000000.0
2500155500,Data Analyst,Reality Premedia Services Pvt Ltd,"Pune, Maharashtra",0.0,800000.0
4993547435,Data Analyst,RegisterKaro,India,400000.0,1000000.0
2247134476,Data Analyst,Indium Software,India,250000.0,800000.0
5336689191,Data Analyst,EWU,"Coimbatore, Tamil Nadu",400000.0,700000.0
5801030174,Data Analyst,Vikash Technologies,"Delhi, India",1500000.0,1900000.0
4855397054,data analyst,Epik Solutions,India,50000.0,700000.0
2853927974,Data Analyst,Multi Recruit,"Bangalore, Karnataka",1200000.0,1400000.0
2433361449,Data Analyst,MSMEx,"Mumbai, Maharashtra",0.0,1200000.0
2449398766,Data Analyst,Syrencloud,"Hyderabad, Telangana",0.0,800000.0
2890608757,Data Analyst,Fragma Data Systems,India,600000.0,800000.0
4715697356,Data analyst,Sadup Softech,"Bangalore, Karnataka",1200000.0,1500000.0
5800765376,Data Analyst,Jetking Technologies Private Limited,"Noida, Ghaziabad",20000.0,25000.0
2403881225,Data Analyst,Multi Recruit,"Bangalore, Karnataka",500000.0,1500000.0
5549594782,Data Analyst,Highfly Sourcing,India,1500000.0,2500000.0
5602825903,Data Analyst,Hunarstreet Technologies Pvt Ltd,"Vadodara, Gujarat",600000.0,800000.0
4344578568,Data Analyst,Jobdost,"Bangalore, Karnataka",0.0,500000.0
5592093935,Data Analyst,Hunarstreet Technologies Pvt Ltd,"Gujarat, India",60000.0,700000.0
3337906172,Data Analyst,Mr n Mrs Pet,"Jaipur, Rajasthan",100000.0,300000.0
1762829126,Data Analyst,Awign,"Bangalore, Karnataka",400000.0,700000.0
4992020344,Data Analyst,Appitsimple infotek Pvt. Ltd.,India,100000.0,300000.0
4514376058,Data Analyst,Qrata,"Mumbai, Maharashtra",500000.0,1000000.0
2572832371,Data Analyst,BitClass,"Bangalore, Karnataka",0.0,1600000.0
2635526340,Data Analyst,Amazon,"Bangalore, Karnataka",0.0,800000.0
2853928118,Data Analyst,Extramarks,"Noida, Ghaziabad",0.0,1000000.0
5379021882,Data Analyst,ICAD school of Learning,"Nagpur, Maharashtra",500000.0,800000.0
4988851694,Data Analyst,Clinton Health Access Initiative,"Bhopal, Madhya Pradesh",300000.0,400000.0
2830210357,Data Analyst,Amagi Media Labs,"Bangalore, Karnataka",1000000.0,2000000.0
2830210287,Data Analyst,Amagi Media Labs,"Bangalore, Karnataka",1000000.0,1400000.0
5590143347,Data Analyst,Hudson Data,India,900000.0,1200000.0
1186076365,Data Analyst,The Smart Cube,"Noida, Ghaziabad",200000.0,500000.0
2953661450,Data Analyst,Falcon Autotech,"Noida, Ghaziabad",400000.0,700000.0
2177266370,Data Analyst,Marktine,"Bangalore, Karnataka",0.0,1500000.0
5607196899,Data Analyst,QAgile Services,India,300000.0,500000.0
5520630121,Data Analyst,Jobdost,"Mangalore, Dakshin Kannada",800000.0,1000000.0
5111436575,Data Analyst,Vector Labs Tech,India,1200000.0,2100000.0
3679469504,Data Analyst,Indium Software,"Bangalore, Karnataka",100000.0,1500000.0
4988851226,Data Analyst,Millions Advisory,"Pune, Maharashtra",500000.0,1700000.0
4344577959,Data Analyst,Jobdost,"Delhi, India",100000.0,600000.0
4547502405,Data analyst,Cadila Zydus healthcare pvt ltd,India,700000.0,1000000.0
2398472037,Data Analyst,Azent Overseas,"Mumbai, Maharashtra",0.0,700000.0
2346068207,Data Analyst,Impact Guru,"Mumbai, Maharashtra",300000.0,900000.0
2776008869,Data Analyst,Ayoconnect Technology,India,400000.0,1000000.0
3025811339,Data Analyst,Srijan Technologies,India,0.0,1200000.0
2631733820,Data Analyst,MedCords,"Kota, Rajasthan",0.0,250000.0
1171507526,Data Analyst,Ingrainhub,"Bangalore, Karnataka",300000.0,1200000.0
1353179357,Data Analyst,PayU,"Gurgaon, Haryana",700000.0,1500000.0
1186010488,Data Analyst,Dotball Interactive Private Limited,"Bangalore, Karnataka",300000.0,600000.0
4665943640,Data Analyst,Grubbrr systems Pvt Ltd,"Ahmedabad, Gujarat",300000.0,900000.0
2577819167,Data Analyst,zyoin,"Bangalore, Karnataka",500000.0,2100000.0
2653476396,Data Analyst,CIEL HR Services,"Bangalore, Karnataka",0.0,1500000.0
3801594068,Data Analyst,Talent500 by ANSR,"Bangalore, Karnataka",1000000.0,3000000.0
3189580389,Data Analyst,Beauto Systems Private Limited,India,100000.0,500000.0
1422966819,Data Analyst,Yulu Bikes,"Bangalore, Karnataka",700000.0,1200000.0
2821621318,Data Analyst,Humanitus Learning Science and Consultancy Pvt Limited,India,500000.0,700000.0
1171509599,Data Analyst,Rocket Kommerce,"Bangalore, Karnataka",500000.0,800000.0
5604419908,Data Analyst,Talent Pro,"Mumbai, Maharashtra",800000.0,1200000.0
4874338703,Data Analyst,Pluginlive,"Mumbai, Maharashtra",1000000.0,2000000.0
4411060128,Data Analyst,Stanza Living,India,600000.0,900000.0
5531896486,Data Analyst,Peak Hire Solutions,"Bangalore, Karnataka",800000.0,1100000.0
5314053973,Data Analyst,Fisdom,"Bangalore, Karnataka",100000.0,100000.0
5294954886,Data Analyst,Multi Recruit,"Bangalore, Karnataka",650000.0,850000.0
5715478790,Data Analyst,Tap Invest,"Bangalore, Karnataka",300000.0,500000.0
5602825896,Data Analyst-,Hunarstreet Technologies Pvt Ltd,"Vadodara, Gujarat",400000.0,600000.0
5807632277,Data Analyst Trainee,growthally,"Mumbai, Maharashtra",240000.0,500000.0
5820125826,Data Analyst 2,Trigent Software Private Limited,"Aperl, Hyderabad",600000.0,1200000.0
5820125846,Senior Data Analyst,Trigent Software Private Limited,"Richmond Town, Bangalore",100000.0,3500000.0
2853928162,Sr. Data Analyst,Multi Recruit,"Bangalore, Karnataka",600000.0,1500000.0
5257287584,Sr Data Analyst,Jobizo,India,700000.0,1000000.0
5255506978,Senior Data Analyst,NeoGenCode Technologies Pvt Ltd,"Bangalore, Karnataka",1000000.0,1800000.0
4386563730,Data Analyst (SQL),Merito,"Mumbai, Maharashtra",600000.0,800000.0
4928060322,Sr. Data Analyst,OnActive,India,2000000.0,2500000.0
5114699182,Senior Data Analyst,Vector Labs Tech,India,700000.0,2000000.0
3529447917,HR Data Analyst,Hiringhut Solutions Pvt Ltd,India,800000.0,1500000.0
4441560027,Marketing Data Analyst,LNW TECHNOLOGY CO LTD,India,100000.0,700000.0
5634174711,Senior Data Analyst,TekClan,"Chennai, Tamil Nadu",800000.0,1200000.0
2398472113,Data Analyst - SQL,Unnati,"Mumbai, Maharashtra",700000.0,1000000.0
2570069948,Data Analyst- Marketing,Unnati,"Delhi, India",0.0,1500000.0
1970273576,Financial Data Analyst,Nirvana Solutions,India,0.0,300000.0
2853928283,Sr. Data Analyst,Multi Recruit,"Bangalore, Karnataka",2500000.0,3000000.0
5599249932,Data Analyst I,Parker Group,India,22000.0,36000.0
1171507819,Sr. Data Analyst,Saama Technologies,"Pune, Maharashtra",100000.0,1200000.0
4560970995,Data Analyst Lead,Technogen India PvtLtd,"Hyderabad, Telangana",2400000.0,2700000.0
4192429586,Senior Data Analyst,Impact Guru,"Mumbai, Maharashtra",500000.0,900000.0
2468164031,Mis Data Analyst,Randstad India,"Raipur, Chhattisgarh",0.0,1400000.0
4514376173,Bussiness / Data Analyst,Qrata,"Bangalore, Karnataka",1500000.0,1800000.0
3138985665,Lead Data Analyst,wrackle,"Bangalore, Karnataka",2000000.0,4000000.0
4397462772,Data Analyst and Operations,Orbital,"Hyderabad, Telangana",300000.0,1000000.0
5734585381,Data Analyst - Travel Domain,Tetrahed INC,"Hyderabad, Telangana",700000.0,1400000.0
5333342202,Data Analyst and Data science trainer,EDU TECH,"Chavakkad, Thrissur",200000.0,600000.0
5161304220,Data Analyst / ML Engineer,Talent Pro,"Mumbai, Maharashtra",2000000.0,4000000.0
5654565604,Data Analyst - Power BI,We Search,"Hyderabad, Telangana",800000.0,1000000.0
4514376542,E- commerce Data Analyst,Qrata,"Bangalore, Karnataka",500000.0,800000.0
2427499955,Data Analyst - Underwriting & Risk,Unnati,"Bangalore, Karnataka",500000.0,1500000.0
5280546845,Data Analyst (ERP Migration),TIGI HR Solution Pvt. Ltd.,"Bangalore, Karnataka",1200000.0,1500000.0
1714383026,Data Analyst (Power BI),Carbynetech,"Hyderabad, Telangana",800000.0,1500000.0
